{"cameraMode":{"drawMode":0,"name":"Shaded","section":"Shading Mode"},"sceneLighting":true,"audioPlay":false,"sceneViewState":{"showFog":false,"showMaterialUpdate":true,"showSkybox":true,"showFlares":true,"showImageEffects":true,"showParticleSystems":true},"in2DMode":false,"pivot":{"x":-3.229951858520508,"y":-1.1668541431427003,"z":4.254643440246582},"rotation":{"x":0.1183512955904007,"y":-0.8790066838264465,"z":0.284830242395401,"w":0.3639430105686188},"size":11.0050048828125,"orthographic":false}