{"cameraMode":{"drawMode":0,"name":"Shaded","section":"Shading Mode"},"sceneLighting":true,"audioPlay":false,"sceneViewState":{"showFog":true,"showMaterialUpdate":false,"showSkybox":true,"showFlares":true,"showImageEffects":true,"showParticleSystems":true},"in2DMode":false,"pivot":{"x":47.976707458496097,"y":-9.814374923706055,"z":9.259347915649414},"rotation":{"x":0.6295562982559204,"y":0.006291207857429981,"z":-0.005103844217956066,"w":0.7769306302070618},"size":47.8291130065918,"orthographic":false}